{ "loss": [12.1983003616333,
  8.595086097717285,
  8.206006050109863,
  7.870795249938965,
  7.542504787445068,
  7.21951961517334,
  6.921999454498291,
  6.659937858581543,
  6.437147617340088,
  6.242522716522217,
  6.0694966316223145,
  5.922326564788818,
  5.784760475158691,
  5.667220592498779,
  5.555257797241211,
  5.4555344581604,
  5.360947132110596,
  5.277538299560547,
  5.197376728057861,
  5.1235809326171875,
  5.0491790771484375,
  4.986402988433838,
  4.922486305236816,
  4.8598246574401855,
  4.810883522033691,
  4.754832744598389,
  4.703477382659912,
  4.655684947967529,
  4.606081485748291,
  4.560655117034912],
 "avg_acc": [0.5465728640556335,
  0.7033122181892395,
  0.7044050693511963,
  0.704684317111969,
  0.7056118845939636,
  0.7082138657569885,
  0.7122759819030762,
  0.7178655862808228,
  0.7229353785514832,
  0.7278077006340027,
  0.7325023412704468,
  0.7369288802146912,
  0.7408658266067505,
  0.7442067265510559,
  0.7474913597106934,
  0.7502340078353882,
  0.7532676458358765,
  0.7555005550384521,
  0.7574676275253296,
  0.7601134181022644,
  0.7620566487312317,
  0.7640928626060486,
  0.7655046582221985,
  0.7675785422325134,
  0.768900990486145,
  0.7704802751541138,
  0.7721706628799438,
  0.7735624313354492,
  0.7749810814857483,
  0.7761805653572083]}